transaction,address,bedroom,living_room,bathroom,sales_price,rent_perMonth,rent_perWeek,description,propertyType,location,agent,listing_source,listing_url,listed_date,id
sales,"Bronson Road, Raynes Park",2.0,,1.0,785000.0,,,2 bedroom terraced house for sale,,Park,NaN,omt,https://www.onthemarket.com/details/13229071/,2023-05-19,"sales2.01.0785000.0nanBronson Road, Raynes Park"
rent,"Park Mansions, London, SW8",3.0,,1.0,,,,"£2850 Per calendar Month, 3 Minute walk to Tube / Rail Station (Zone 1) Beautiful 3 Bedroom Vauxhall Flat with 1 WC. All within 20 metres of lush and spacious Vauxhall Park. Please note: From the... ** Property Reference: 1695487 **",,SW8,"OpenRent, London",rightmove,https://www.rightmove.co.uk/properties/134355104#/?channel=RES_LET,2023-05-19 00:00:00,"rent3.01.0nan2050.0Park Mansions, London, SW8"
sales,"South Street, London",5.0,,6.0,35000000.0,,,"An elegant stone-dressed, red-brick, five-storey grade II listed mansion house. Double-fronted Edwardian facade with arts & crafts style detailing and french-inspired fine iron railings. Home to politicians and celebrities.",,London,"Wetherell, Mayfair",rightmove,https://www.rightmove.co.uk/properties/128150369#/?channel=RES_BUY,2022-10-18 00:00:00,"sales5.06.035000000.0nanSouth Street, London"
rent,"Elmhurst Road, Enfield, London, Enfield EN3",1.0,,1.0,,,,1 bedroom flat to rent,,EN3,NaN,omt,https://www.onthemarket.com/details/13215647/,< 7 days,"rent1.01.0nan2496.0Elmhurst Road, Enfield, London, Enfield EN3"
rent,"Hill Rise, Upminster, Essex RM14",3.0,,,,,,This 3 bedroom semi detached Bungalow is located within a short walk of Upminster Bridge District Line station and is in excellent condition ...,,RM14,Stoneshaw Estates,zoopla,https://www.zoopla.co.uk/to-rent/details/35145914/?search_identifier=e29133bd9e33b6e9fd2e1ebde51741c0b3e350a8f4b13ddf07b33e77b503a8b7,2023-05-19 00:00:00,"rent3.0nannan2000.0Hill Rise, Upminster, Essex RM14"
sales,"Plough Way, London SE16",1.0,1.0,1.0,430000.0,,,An excellent opportunity to acquire this spacious first floor apartment that combines a luxurious interior with practical convenience and is part ...,,SE16,Winkworth - Surrey Quays,zoopla,https://www.zoopla.co.uk/for-sale/details/64672616/?search_identifier=e2f52ecac4296f7263ce1d9f3bd364400246cf2a24ee664b466896f27c160137,2023-05-19 00:00:00,"sales1.01.0430000.0nanPlough Way, London SE16"
sales,"Marylebone High Street, London, W1U",3.0,,3.0,27000000.0,,,The most eagerly awaited residential development to be formed in Marylebone over recent decades. Nestled in the absolute epicentre of Marylebone Village only a stone's throw from the much-lauded and admired Marylebone High Street Quarter.,,W1U,"Luxury Living Homes International, London",rightmove,https://www.rightmove.co.uk/properties/132097715#/?channel=RES_BUY,2023-02-28 00:00:00,"sales3.03.027000000.0nanMarylebone High Street, London, W1U"
sales,"Westcliffe Apartments, 1 South Wharf Road, London W2",3.0,,,1700000.0,,,A well proportioned three bedroom apartment located on the second floor of this popular modern development. Including a secure underground parking ...,,W2,Hamptons - Hyde Park & Bayswater Sales,zoopla,https://www.zoopla.co.uk/for-sale/details/64672923/?search_identifier=e2f52ecac4296f7263ce1d9f3bd364400246cf2a24ee664b466896f27c160137,2023-05-19 00:00:00,"sales3.0nan1700000.0nanWestcliffe Apartments, 1 South Wharf Road, London W2"
sales,"Rochester Row, London SW1P",2.0,1.0,2.0,1125000.0,,,"Rare to the market. A fantastic opportunity to buy a spacious and bright two double bedroom, 2 bathroom flat situated at the rear of a small and ...",,SW1P,Carter Jonas - Mayfair & St James's,zoopla,https://www.zoopla.co.uk/for-sale/details/61738753/?search_identifier=e2f52ecac4296f7263ce1d9f3bd364400246cf2a24ee664b466896f27c160137,2023-05-19 00:00:00,"sales2.02.01125000.0nanRochester Row, London SW1P"
rent,"Golders Way, London, NW11",1.0,,1.0,,,,"Simply stunning. A fabulous one bedroom modernised apartment ideally situated in the heart of Golders Green. Close to shops and tube. Benefits include fully furnished, designer interior, study area, convenient location and available immediately. Council Tax Band: B Deposit: £...",,NW11,"Ellis & Co, Golders Green",rightmove,https://www.rightmove.co.uk/properties/134896484#/?channel=RES_LET,2023-05-17 00:00:00,"rent1.01.0nan1911.0Golders Way, London, NW11"
sales,"Salford Road, London SW2",1.0,1.0,1.0,375000.0,,,This lovely top floor Victorian conversion apartment is located in the sought-after Telford Park conservation area off Streatham Hill and has easy ...,,SW2,Winkworth - Streatham,zoopla,https://www.zoopla.co.uk/for-sale/details/64672628/?search_identifier=e2f52ecac4296f7263ce1d9f3bd364400246cf2a24ee664b466896f27c160137,2023-05-19 00:00:00,"sales1.01.0375000.0nanSalford Road, London SW2"
sales,Culross House,5.0,,6.0,26950000.0,,,"A newly constructed Mayfair Mansion, designed by K10 Group, of 8,060 sq ft, situated in an enviable location just off Park Lane.",,House,"London House, London",rightmove,https://www.rightmove.co.uk/properties/132612542#/?channel=RES_BUY,2023-03-15 00:00:00,sales5.06.026950000.0nanCulross House
sales,"Conduit Mews, London W2",4.0,1.0,4.0,3500000.0,,,"A substantial family house located on a charming cobbled mews that offers four bedrooms with great proportions over three floors, outside space ...",,W2,John D Wood & Co. - Notting Hill Sales,zoopla,https://www.zoopla.co.uk/for-sale/details/64672849/?search_identifier=e2f52ecac4296f7263ce1d9f3bd364400246cf2a24ee664b466896f27c160137,2023-05-19 00:00:00,"sales4.04.03500000.0nanConduit Mews, London W2"
rent,"Charles Clowes Walk, London SW11",2.0,,2.0,,,,2 bedroom apartment to rent,,SW11,NaN,omt,https://www.onthemarket.com/details/13231695/,2023-05-19,"rent2.02.0nan5417.0Charles Clowes Walk, London SW11"
rent,"Farm View Court, Bawdsey Avenue, Ilford, Essex IG2",1.0,,1.0,,,,"This excellent 1 bedroom ground floor flat is available now and comes with a newly fitted kitchen and bathroom, new gas central heating, double ...",,IG2,Stoneshaw Estates,zoopla,https://www.zoopla.co.uk/to-rent/details/64672871/?search_identifier=e29133bd9e33b6e9fd2e1ebde51741c0b3e350a8f4b13ddf07b33e77b503a8b7,2023-05-19 00:00:00,"rent1.01.0nan1100.0Farm View Court, Bawdsey Avenue, Ilford, Essex IG2"
sales,"Balham High Road, Balham",1.0,,1.0,465000.0,,,1 bedroom flat for sale,,Balham,NaN,omt,https://www.onthemarket.com/details/13229229/,2023-05-19,"sales1.01.0465000.0nanBalham High Road, Balham"
rent,"Marsh Wall, London E14",1.0,,1.0,,,,1 bedroom flat to rent,,E14,NaN,omt,https://www.onthemarket.com/details/13231703/,2023-05-19,"rent1.01.0nan1100.0Marsh Wall, London E14"
rent,"Augustus Road, London SW19",,,,,,,Luxurious and stylishly studio apartments within a private gated delopment teaming with resident amenity spaces: Â€¢ A spectacular residents' ...,,SW19,John D Wood & Co. - Southfields Lettings,zoopla,https://www.zoopla.co.uk/to-rent/details/64672822/?search_identifier=e29133bd9e33b6e9fd2e1ebde51741c0b3e350a8f4b13ddf07b33e77b503a8b7,2023-05-19 00:00:00,"rentnannannan1466.0Augustus Road, London SW19"
rent,"BEAUTIFUL DOUBLE ROOM | SINGLE FEMALE | STUDENT FRIENDLY, London E18",1.0,,1.0,,,,1 bedroom in a flat share to rent,,E18,NaN,omt,https://www.onthemarket.com/details/13214760/,< 7 days,"rent1.01.0nan3987.0BEAUTIFUL DOUBLE ROOM | SINGLE FEMALE | STUDENT FRIENDLY, London E18"
rent,"Bushey Down, London, SW12",3.0,,2.0,,,,"Spacious, recently decorated three bedroom house in Balham with a new kitchen and appliances. Perfect for sharers as it has three similar bedrooms, the third of which has its own en suite shower.... ** Property Reference: 1709792 **",,SW12,"OpenRent, London",rightmove,https://www.rightmove.co.uk/properties/135043361#/?channel=RES_LET,2023-05-19 00:00:00,"rent3.02.0nan5500.0Bushey Down, London, SW12"
sales,"Sarsfield Road, Perivale, Greenford UB6",3.0,2.0,1.0,600000.0,,,"A superb property situated in a sought-after area that would make the ideal home for any family. With a stunning open-plan living room/kitchen, a ...",,UB6,Strike,zoopla,https://www.zoopla.co.uk/for-sale/details/64672707/?search_identifier=e2f52ecac4296f7263ce1d9f3bd364400246cf2a24ee664b466896f27c160137,2023-05-19 00:00:00,"sales3.01.0600000.0nanSarsfield Road, Perivale, Greenford UB6"
rent,"Hogarth Road , Kensington , Kensington Chelsea SW5",1.0,,1.0,,,,1 bedroom flat to rent,,SW5,NaN,omt,https://www.onthemarket.com/details/8560268/,< 7 days,"rent1.01.0nan1600.0Hogarth Road , Kensington , Kensington Chelsea SW5"
sales,"Malvern Road, London NW6",1.0,,1.0,495000.0,,,1 bedroom flat for sale,,NW6,NaN,omt,https://www.onthemarket.com/details/13221646/,2023-05-18,"sales1.01.0495000.0nanMalvern Road, London NW6"
rent,"Augustus Road, London SW19",,,,,,,Luxurious and stylishly studio apartments within a private gated delopment teaming with resident amenity spaces: Â€¢ A spectacular residents' ...,,SW19,John D Wood & Co. - Southfields Lettings,zoopla,https://www.zoopla.co.uk/to-rent/details/64672823/?search_identifier=e29133bd9e33b6e9fd2e1ebde51741c0b3e350a8f4b13ddf07b33e77b503a8b7,2023-05-19 00:00:00,"rentnannannan1500.0Augustus Road, London SW19"
sales,"Felden Street, London, SW6 5AE",4.0,,3.0,2499950.0,,,"A beautiful family home situated on a highly sought after residential street close to Fulham Road. This wonderful property has four double bedrooms, ample entertaining space and a lovely garden to the rear.",,5AE,"Maison, Covering Kent / Surrey",rightmove,https://www.rightmove.co.uk/properties/132447401#/?channel=RES_BUY,2023-03-22 00:00:00,"sales4.03.02499950.0nanFelden Street, London, SW6 5AE"
rent,"Pepper Street, Isle Of Dogs, London E14",2.0,,,,,,"JS Estate Management are proud to present this newly-refurbished 2 Bed, 2 bath in an enviable location of E14 Docklands. This Property has just ...",,E14,JS Estate Management,zoopla,https://www.zoopla.co.uk/to-rent/details/58703154/?search_identifier=e29133bd9e33b6e9fd2e1ebde51741c0b3e350a8f4b13ddf07b33e77b503a8b7,2023-05-19 00:00:00,"rent2.0nannan1950.0Pepper Street, Isle Of Dogs, London E14"
sales,Wembley Park,1.0,,1.0,250000.0,,,1 bedroom flat for sale,,Park,NaN,omt,https://www.onthemarket.com/details/13227906/,2023-05-19,sales1.01.0250000.0nanWembley Park
sales,"Hanover Terrace, Regents Park, London, NW1",6.0,,8.0,29000000.0,,,"United Kingdom Sotheby’s International Realty are pleased to present this six bedroom home situated in Regents Park, London, An Ambassadorial Grade l Listed family home with spectacular views facing onto the swan and boating lake within Regents Park, this property was designed by...",,NW1,"'s International Realty, London",rightmove,https://www.rightmove.co.uk/properties/119281460#/?channel=RES_BUY,2022-01-28 00:00:00,"sales6.08.029000000.0nanHanover Terrace, Regents Park, London, NW1"
rent,"York Road, London, E10",5.0,,2.0,,,,"We are proud to offer this delightful 5 bedroom, 2 bathroom terraced house in a great location. Available to move in from 19 May 2023. Property is offered furnished. Viewing highly recommended.... ** Property Reference: 1683489 **",,E10,"OpenRent, London",rightmove,https://www.rightmove.co.uk/properties/133806272#/?channel=RES_LET,2023-05-19 00:00:00,"rent5.02.0nan5417.0York Road, London, E10"
sales,"Acre Lane, Brixton",2.0,,1.0,600000.0,,,2 bedroom flat for sale,,Brixton,NaN,omt,https://www.onthemarket.com/details/13228830/,2023-05-19,"sales2.01.0600000.0nanAcre Lane, Brixton"
rent,"Essex Road, Islington N1",3.0,1.0,1.0,,,,"This superbly located three double bedroom split level apartment is moments from Angel underground station and the fantastic selection of shops, ...",,N1,Charles Henry Peppiatt Ltd,zoopla,https://www.zoopla.co.uk/to-rent/details/64672857/?search_identifier=e29133bd9e33b6e9fd2e1ebde51741c0b3e350a8f4b13ddf07b33e77b503a8b7,2023-05-19 00:00:00,"rent3.01.0nan3250.0Essex Road, Islington N1"
sales,"Tramway Avenue, London N9",2.0,,1.0,375000.0,,,2 bedroom terraced house for sale,,N9,NaN,omt,https://www.onthemarket.com/details/13229075/,2023-05-19,"sales2.01.0375000.0nanTramway Avenue, London N9"
sales,"Princes Gate, Knightsbridge, SW7",7.0,,5.0,30000000.0,,,7 Bedroom house in one of Knightsbridge's most exclusive streets,,SW7,"Nest Seekers International, London",rightmove,https://www.rightmove.co.uk/properties/130713020#/?channel=RES_BUY,2023-01-13 00:00:00,"sales7.05.030000000.0nanPrinces Gate, Knightsbridge, SW7"
sales,"Roan Street, London SE10",2.0,1.0,2.0,750000.0,,,"Guide Price £750,000-£775,000. We are delighted to offer this larger than average two bedroom period house that is beautifully presented to a high ...",,SE10,Winkworth - Greenwich,zoopla,https://www.zoopla.co.uk/for-sale/details/64672594/?search_identifier=e2f52ecac4296f7263ce1d9f3bd364400246cf2a24ee664b466896f27c160137,2023-05-19 00:00:00,"sales2.02.0750000.0nanRoan Street, London SE10"
rent,"Mayday Road, Thornton Heath CR7",2.0,,1.0,,,,2 bedroom flat to rent,,CR7,NaN,omt,https://www.onthemarket.com/details/13231798/,2023-05-19,"rent2.01.0nan2100.0Mayday Road, Thornton Heath CR7"
rent,"Browning Way, Hounslow TW5",,,1.0,,,,Studio to rent,,TW5,NaN,omt,https://www.onthemarket.com/details/13215123/,< 7 days,"rentnan1.0nan750.0Browning Way, Hounslow TW5"
sales,"Merton Lane, London, N6",6.0,,7.0,32000000.0,,,"United Kingdom Sotheby’s International Realty are pleased to present this exceptional six bedroom contemporary mansion in Highgate. Located on a sought-after road in the heart of Highgate and occupying a two-acre site, the bespoke family home with accommodation predominantly arra...",,N6,"'s International Realty, London",rightmove,https://www.rightmove.co.uk/properties/83624538#/?channel=RES_BUY,2023-02-21 00:00:00,"sales6.07.032000000.0nanMerton Lane, London, N6"
rent,"Manor Farm Drive, Chingford, E4",4.0,,3.0,,,,"This absolutely stunning high spec four bedroom, three bathroom family house is newly refurbished throughout with modern quality fixtures and fittings throughout. This hugely impressive property has a fully open plan and very spacious ground floor which includes a stunning designer fitte...",,E4,"Charles Henry Peppiatt Ltd, Southgate",rightmove,https://www.rightmove.co.uk/properties/134312843#/?channel=RES_LET,2023-05-19 00:00:00,"rent4.03.0nan3987.0Manor Farm Drive, Chingford, E4"
sales,"Piccadilly, Mayfair, London, W1J",,,,35000000.0,,,"A rare opportunity to regenerate an impressive period building with development potential and residential planning permission in place. 139 Piccadilly is a Grade II listed building arranged over six floors, dating back to the mid-18th century. This grand, former townhouse offers over 14,000 sq f...",,W1J,"Knight Frank, Mayfair",rightmove,https://www.rightmove.co.uk/properties/134089559#/?channel=RES_BUY,2023-04-25 00:00:00,"salesnannan35000000.0nanPiccadilly, Mayfair, London, W1J"
rent,"Cambridge Rd, Kingston Upon Thames, London KT1",1.0,,1.0,,,,Material Information Council Tax Band :C,,KT1,B & K Estates,zoopla,https://www.zoopla.co.uk/to-rent/details/64672914/?search_identifier=e29133bd9e33b6e9fd2e1ebde51741c0b3e350a8f4b13ddf07b33e77b503a8b7,2023-05-19 00:00:00,"rent1.01.0nan1600.0Cambridge Rd, Kingston Upon Thames, London KT1"
rent,"Flat 2, Refectory Apartments, 3 Lawrence Yard, London, N15",2.0,,1.0,,,,"Ellis & Co are delighted to offer on the market this bright & airy first floor, 2 bedroom modern apartment.",,N15,"Ellis & Co, Tottenham",rightmove,https://www.rightmove.co.uk/properties/135045284#/?channel=RES_LET,2023-05-19 00:00:00,"rent2.01.0nan1500.0Flat 2, Refectory Apartments, 3 Lawrence Yard, London, N15"
sales,"Elmwood Road, Herne Hill",2.0,,1.0,625000.0,,,2 bedroom flat for sale,,Hill,NaN,omt,https://www.onthemarket.com/details/13228044/,2023-05-19,"sales2.01.0625000.0nanElmwood Road, Herne Hill"
sales,"Royal Westminster, London",7.0,,5.0,35000000.0,,,"A very rare find this luxurious circa 11000 SQF house in the heart of Westminster. Features 7 bedroom suites 5 reception rooms Gym Lift Swimming pool, jacuzzi Terrace with stunning views of Houses of Parliament For more information get in touch.",,London,"Luxury Living Homes International, London",rightmove,https://www.rightmove.co.uk/properties/134449994#/?channel=RES_BUY,2023-04-05 00:00:00,"sales7.05.035000000.0nanRoyal Westminster, London"
rent,"Mount View Road, London N4",,,1.0,,,,Studio to rent,,N4,NaN,omt,https://www.onthemarket.com/details/13231685/,2023-05-19,"rentnan1.0nan1437.0Mount View Road, London N4"
rent,"Albert Road, St. Mary Cray BR5",3.0,,1.0,,,,3 bedroom flat to rent,,BR5,NaN,omt,https://www.onthemarket.com/details/13231796/,2023-05-19,"rent3.01.0nan1800.0Albert Road, St. Mary Cray BR5"
sales,"Rydal Crescent, Perivale, Greenford UB6",3.0,2.0,2.0,600000.0,,,"Brian Cox and Company are delighted to bring to the market this chain free, three bedroom, end of terrace, family home in Perivale. The property ...",,UB6,Brian Cox - Greenford & Perivale,zoopla,https://www.zoopla.co.uk/for-sale/details/64672346/?search_identifier=e2f52ecac4296f7263ce1d9f3bd364400246cf2a24ee664b466896f27c160137,2023-05-19 00:00:00,"sales3.02.0600000.0nanRydal Crescent, Perivale, Greenford UB6"
sales,"Hampden Road, London N8",5.0,2.0,2.0,1250000.0,,,"This substantial Five Bedroom Victorian Family house sits proudly on Hampden Road, one of the many sought after streets that make up the Harringay ...",,N8,Winkworth - Harringay,zoopla,https://www.zoopla.co.uk/for-sale/details/64672420/?search_identifier=e2f52ecac4296f7263ce1d9f3bd364400246cf2a24ee664b466896f27c160137,2023-05-19 00:00:00,"sales5.02.01250000.0nanHampden Road, London N8"
rent,"Chalklands, Wembley HA9",1.0,,1.0,,,,1 bedroom flat to rent,,HA9,Home World Management - London,omt,https://www.onthemarket.com/details/13215915/,< 7 days,"rent1.01.0nan1500.0Chalklands, Wembley HA9"
rent,"The Henson Building, Oval Road, Camden NW1",1.0,1.0,1.0,,,,A beautifully finished one double bedroom apartment located in the desirable canal side development The Henson building,,NW1,Primden Group,zoopla,https://www.zoopla.co.uk/to-rent/details/64672892/?search_identifier=e29133bd9e33b6e9fd2e1ebde51741c0b3e350a8f4b13ddf07b33e77b503a8b7,2023-05-19 00:00:00,"rent1.01.0nan2500.0The Henson Building, Oval Road, Camden NW1"
rent,"Deals Gateway, Lewisham, SE13",1.0,,1.0,,,,"A modern fifth floor apartment situated within the ever popular and convenient 'OneSE8' development, popular for it's close proximity to Deptford Bridge DLR station and local supermarkets within a few minutes walk away.",,SE13,"Conran Estates, Greenwich",rightmove,https://www.rightmove.co.uk/properties/134014769#/?channel=RES_LET,2023-05-19 00:00:00,"rent1.01.0nan1500.0Deals Gateway, Lewisham, SE13"
rent,"Goodluck Hope Walk, London E14",1.0,,1.0,,,,1 bedroom apartment to rent,,E14,NaN,omt,https://www.onthemarket.com/details/13231696/,2023-05-19,"rent1.01.0nan1842.0Goodluck Hope Walk, London E14"
rent,"Marloes Road, Kensington, London, W8",,,1.0,,,,"Situated in the heart of Kensington, this delightful studio apartment is situated on the second floor of this imposing stucco fronted period building.",,W8,"Druce, Kensington",rightmove,https://www.rightmove.co.uk/properties/135043538#/?channel=RES_LET,2023-05-19 00:00:00,"rentnan1.0nan1733.0Marloes Road, Kensington, London, W8"
sales,"Brick Street, Mayfair, London, W1J",7.0,,7.0,35000000.0,,,"Luxurious Grade II listed house with private gated drive-in courtyard, underground parking, swimming pool and separate staff accommodation, for sale in the heart of Mayfair, W1J In the heart of exclusive Mayfair, this majestic and luxurious Grade II listed property provides unique lateral living...",,W1J,"Knight Frank, Mayfair",rightmove,https://www.rightmove.co.uk/properties/127390289#/?channel=RES_BUY,2022-09-24 00:00:00,"sales7.07.035000000.0nanBrick Street, Mayfair, London, W1J"
rent,"Kingston Road, London, SW20",1.0,,1.0,,,,"Modern 1 bed, 1 bath flat located within walking distance to Wimbledon chase and Raynes park station.",,SW20,"Criterion Hospitality Limited, Criterion Hospitality Limited",rightmove,https://www.rightmove.co.uk/properties/135005855#/?channel=RES_LET,2023-05-19 00:00:00,"rent1.01.0nan1600.0Kingston Road, London, SW20"
sales,"Broomfield Lane, London N13",5.0,3.0,1.0,900000.0,,,"A substantial five bedroom Edwardian house requiring modernisation and boasting just over 2,500 Sq.ft of floor area, enviably located opposite ...",,N13,Winkworth - Palmers Green,zoopla,https://www.zoopla.co.uk/for-sale/details/64672609/?search_identifier=e2f52ecac4296f7263ce1d9f3bd364400246cf2a24ee664b466896f27c160137,2023-05-19 00:00:00,"sales5.01.0900000.0nanBroomfield Lane, London N13"
rent,"Euston Road, London NW1",2.0,,1.0,,,,2 bedroom flat to rent,,NW1,NaN,omt,https://www.onthemarket.com/details/13231683/,2023-05-19,"rent2.01.0nan1500.0Euston Road, London NW1"
rent,"Ewald Road, Fulham SW6",4.0,1.0,3.0,,,,"A superb recently renovated four bedroom terraced house. Located a short distance from the shops, bars and restaurants of New Kings Road and ...",,SW6,John D Wood & Co. - Parsons Green Lettings,zoopla,https://www.zoopla.co.uk/to-rent/details/64672814/?search_identifier=e29133bd9e33b6e9fd2e1ebde51741c0b3e350a8f4b13ddf07b33e77b503a8b7,2023-05-19 00:00:00,"rent4.03.0nan5500.0Ewald Road, Fulham SW6"
rent,"Augustus Road, London SW19",,,,,,,Luxurious and stylishly studio apartments within a private gated delopment teaming with resident amenity spaces: Â€¢ A spectacular residents' ...,,SW19,John D Wood & Co. - Southfields Lettings,zoopla,https://www.zoopla.co.uk/to-rent/details/64672829/?search_identifier=e29133bd9e33b6e9fd2e1ebde51741c0b3e350a8f4b13ddf07b33e77b503a8b7,2023-05-19 00:00:00,"rentnannannan1457.0Augustus Road, London SW19"
rent,"Belvedere Heights, Lisson Grove, London NW8",2.0,1.0,2.0,,,,"This is a beautifully decorated modern two double bedroom, two bathroom apartment on the higher floor of this popular portered block within ...",,NW8,Redac Strattons - Central London Hub,zoopla,https://www.zoopla.co.uk/to-rent/details/64672934/?search_identifier=e29133bd9e33b6e9fd2e1ebde51741c0b3e350a8f4b13ddf07b33e77b503a8b7,2023-05-19 00:00:00,"rent2.02.0nan2300.0Belvedere Heights, Lisson Grove, London NW8"
rent,"Eckstein Road, London, SW11",3.0,,1.0,,,,"*** REFURBISHED PERIOD GARDEN FLAT WITH THREE DOUBLE BEDROOMS, A SOUTH FACING PRIVATE GARDEN AND LARGE CELLAR *** This lovely period garden flat with three double-bedrooms is in an enviable loc... ** Property Reference: 1711094 **",,SW11,"OpenRent, London",rightmove,https://www.rightmove.co.uk/properties/135043940#/?channel=RES_LET,2023-05-19 00:00:00,"rent3.01.0nan1100.0Eckstein Road, London, SW11"
sales,"Lancaster Avenue, West Dulwich",4.0,,2.0,1050000.0,,,4 bedroom end of terrace house for sale,,Dulwich,NaN,omt,https://www.onthemarket.com/details/13229230/,2023-05-19,"sales4.02.01050000.0nanLancaster Avenue, West Dulwich"
sales,"Oglander Road, London SE15",3.0,1.0,3.0,1000000.0,,,"Introducing a unique and spacious double-fronted Victorian house, this recently refurbished property offers an impressive living space of 156 ...",,SE15,Strike,zoopla,https://www.zoopla.co.uk/for-sale/details/64672865/?search_identifier=e2f52ecac4296f7263ce1d9f3bd364400246cf2a24ee664b466896f27c160137,2023-05-19 00:00:00,"sales3.03.01000000.0nanOglander Road, London SE15"
rent,"Carvell House, 22 Aerodrome Road, London, NW9",2.0,,2.0,,,,Life Residential are pleased to offer this luxurious two bedroom apartment in Carvell House,,NW9,"Life Residential, West London- Lettings",rightmove,https://www.rightmove.co.uk/properties/133361897#/?channel=RES_LET,2023-05-19 00:00:00,"rent2.02.0nan1950.0Carvell House, 22 Aerodrome Road, London, NW9"
rent,"Adelaide Road, Chalk Farm, NW3",1.0,,1.0,,,,"This charming one bedroom apartment is on the second floor of a converted, attractive period property and is superbly located - just moments from Chalk Farm station and Primose Hill. This light and airy apartment has an open plan reception, modern fitted kitchen, bedroom and fully tiled bathroom....",,NW3,"Charles Henry Peppiatt Ltd, Southgate",rightmove,https://www.rightmove.co.uk/properties/133526060#/?channel=RES_LET,2023-05-19 00:00:00,"rent1.01.0nan750.0Adelaide Road, Chalk Farm, NW3"
rent,"Narcissus Road, West Hampstead, London NW6",1.0,,1.0,,,,"All bills included! Introducing a stunning newly refurbished studio flat in the heart of West Hampstead, situated on the desirable Narcissus Road. ...",,NW6,Belgrave Estates,zoopla,https://www.zoopla.co.uk/to-rent/details/64672917/?search_identifier=e29133bd9e33b6e9fd2e1ebde51741c0b3e350a8f4b13ddf07b33e77b503a8b7,2023-05-19 00:00:00,"rent1.01.0nan1500.0Narcissus Road, West Hampstead, London NW6"
sales,"Manbey Grove, Stratford, London E15",3.0,2.0,1.0,650000.0,,,Positioned in one of Stratford's premier roads is this charming Victorian terraced house offering an abundance of potential and fabulous ...,,E15,Keatons - Stratford,zoopla,https://www.zoopla.co.uk/for-sale/details/64672852/?search_identifier=e2f52ecac4296f7263ce1d9f3bd364400246cf2a24ee664b466896f27c160137,2023-05-19 00:00:00,"sales3.01.0650000.0nanManbey Grove, Stratford, London E15"
rent,"Ifield Road, London SW10",4.0,1.0,2.0,,,,A unique opportunity to rent this incredibly bright and spacious four bedroom maisonette set on this lovely residential street in this ...,,SW10,Farrar & Co,zoopla,https://www.zoopla.co.uk/to-rent/details/62760983/?search_identifier=e29133bd9e33b6e9fd2e1ebde51741c0b3e350a8f4b13ddf07b33e77b503a8b7,2023-05-19 00:00:00,"rent4.02.0nan5417.0Ifield Road, London SW10"
rent,"Cranmer Road, London E7",2.0,,1.0,,,,2 bedroom flat to rent,,E7,NaN,omt,https://www.onthemarket.com/details/13231758/,2023-05-19,"rent2.01.0nan2000.0Cranmer Road, London E7"
sales,"Highland Avenue, Hanwell, London W7",3.0,,1.0,725000.0,,,"Situated on this popular residential road, atop Elthorne Heights and close to the picturesque green spaces of Brent Valley Park, Tuffin & Wren are ...",,W7,Tuffin & Wren,zoopla,https://www.zoopla.co.uk/for-sale/details/64672866/?search_identifier=e2f52ecac4296f7263ce1d9f3bd364400246cf2a24ee664b466896f27c160137,2023-05-19 00:00:00,"sales3.01.0725000.0nanHighland Avenue, Hanwell, London W7"
rent,Narcissus Road London NW6,1.0,,1.0,,,,A large and modern one bedroom apartment boasting wooden floors throughout and located in the heart of West Hampstead.,,NW6,"Kinleigh Folkard & Hayward - Lettings, West Hampstead",rightmove,https://www.rightmove.co.uk/properties/134808584#/?channel=RES_LET,2023-05-15 00:00:00,rent1.01.0nan2300.0Narcissus Road London NW6
sales,"South Street, Mayfair W1K",6.0,,6.0,35000000.0,,,"Considered to be the archetypical London mansion, this exceptional Mayfair mansion sits in the heart of central London. In excess of 8,300 sq ft, the sensitive modernisation of the six-bedroom townhouse included the creation of a wellness suite on the lower ground floor, complete with swimming pool.",,W1K,"Rokstone, London",rightmove,https://www.rightmove.co.uk/properties/132423944#/?channel=RES_BUY,2023-09-03 00:00:00,"sales6.06.035000000.0nanSouth Street, Mayfair W1K"
rent,"Weymouth Mews, London W1G",1.0,,1.0,,,,1 bedroom flat to rent,,W1G,NaN,omt,https://www.onthemarket.com/details/13231682/,2023-05-19,"rent1.01.0nan1457.0Weymouth Mews, London W1G"
rent,"Avignon Road, Brockley, SE4",2.0,,1.0,,,,Period Conversion garden flat suitated on the ground floor. Two double bedrooms and a large open-plan kitchen and living space with direct access to a large garden. The property benefits from original features such as high ceilings and a fireplace.,,SE4,"Conran Estates, Brockley",rightmove,https://www.rightmove.co.uk/properties/134587043#/?channel=RES_LET,2023-05-19 00:00:00,"rent2.01.0nan1457.0Avignon Road, Brockley, SE4"
rent,"Hallam Street, London, W1W",1.0,,1.0,,,,"Bright and airy, 2nd floor (with lift), furnished apartment, situated in a beautiful portered period building between Fitzrovia and Marylebone, benefitting from wood floors and ample storage space. Comprises of one double bedroom, modern bathroom, well presented contemporary kitchen, a...",,W1W,"The London Broker, Mayfair",rightmove,https://www.rightmove.co.uk/properties/135044021#/?channel=RES_LET,2023-05-19 00:00:00,"rent1.01.0nan2100.0Hallam Street, London, W1W"
rent,"Mount View Road, London N4",,,1.0,,,,Studio to rent,,N4,NaN,omt,https://www.onthemarket.com/details/13231684/,2023-05-19,"rentnan1.0nan1466.0Mount View Road, London N4"
rent,"Aquarius House, St George Wharf, Vauxhall, London, SW8",3.0,,3.0,,,,3 bedroom apartment to rent,,SW8,NaN,omt,https://www.onthemarket.com/details/5932286/,2023-05-19,"rent3.03.0nan1911.0Aquarius House, St George Wharf, Vauxhall, London, SW8"
rent,"High Road, Wood Green, N22",1.0,,1.0,,,,"Overlooking the greenery of Woodside Park and superbly located for Wood Green underground (Piccadilly Line), Bowes Park and Alexandra Park (National Rail) stations, is this delightful one bedroom apartment. Set on the second floor of a well maintained converted period building, the apart...",,N22,"Charles Henry Peppiatt Ltd, Southgate",rightmove,https://www.rightmove.co.uk/properties/135044270#/?channel=RES_LET,2023-05-19 00:00:00,"rent1.01.0nan2500.0High Road, Wood Green, N22"
rent,"Augustus Road, London SW19",,,,,,,Luxurious and stylishly studio apartments within a private gated delopment teaming with resident amenity spaces: Â€¢ A spectacular residents' ...,,SW19,John D Wood & Co. - Southfields Lettings,zoopla,https://www.zoopla.co.uk/to-rent/details/64672833/?search_identifier=e29133bd9e33b6e9fd2e1ebde51741c0b3e350a8f4b13ddf07b33e77b503a8b7,2023-05-19 00:00:00,"rentnannannan1437.0Augustus Road, London SW19"
sales,"Pitt Street, Kensington, W8",6.0,,5.0,44000000.0,,,Ref. LOB0625 - This striking and unique house was designed and constructed by Spink Partners as a private commission for the current owner and is contemporary in style and over 60ft wide. This was one of Spink's flagship schemes within Central London and the resulting family home is flo...,,W8,"Beauchamp Estates Ltd, Mayfair - Resale",rightmove,https://www.rightmove.co.uk/properties/131856722#/?channel=RES_BUY,2023-02-21 00:00:00,"sales6.05.044000000.0nanPitt Street, Kensington, W8"
sales,"118 Southwark Bridge Road, Southwark, London SE1",1.0,1.0,1.0,465000.0,,,"Positioned on the 3rd floor of this modern block, this very spacious apartment comprises of approximately 640 sq/ft. Of internal living space. ...",,SE1,LiFE Residential - South Bank,zoopla,https://www.zoopla.co.uk/for-sale/details/64672846/?search_identifier=e2f52ecac4296f7263ce1d9f3bd364400246cf2a24ee664b466896f27c160137,2023-05-19 00:00:00,"sales1.01.0465000.0nan118 Southwark Bridge Road, Southwark, London SE1"
rent,"Lorrimore Road, Kennington, Southwark, London SE17",4.0,1.0,2.0,,,,"Reiss-Samuels are delighted to present this Large 4 bedroom 2 bathroom Maisonette to the market offered furnished ideal for students, located ...",,SE17,Reiss- Samuels,zoopla,https://www.zoopla.co.uk/to-rent/details/64672900/?search_identifier=e29133bd9e33b6e9fd2e1ebde51741c0b3e350a8f4b13ddf07b33e77b503a8b7,2023-05-19 00:00:00,"rent4.02.0nan3987.0Lorrimore Road, Kennington, Southwark, London SE17"
sales,"Mayfair Freehold House, Park Lane Area, W1K",1.0,,1.0,45000000.0,,,"This stunning 12 bedroom (including 3 staff bedrooms), 18 bathrooms Mayfair mansion. The mansion includes 5 large living rooms, 2 kitchens, 2 kitchenettes, library, gym, garden/terrace, 4 dressing rooms and a lovely roof terrace all spread across 6 floors. The approximate size of the property is ...",,W1K,"Luxury Living Homes International, London",rightmove,https://www.rightmove.co.uk/properties/130306529#/?channel=RES_BUY,2022-12-31 00:00:00,"sales1.01.045000000.0nanMayfair Freehold House, Park Lane Area, W1K"
rent,"Kennington, London, SE11",2.0,,1.0,,,,"Delightful 2 bedroom, 1 bathroom flat in a great location next to Park, Tube and great Travel connections. Available to move in from 1st July 2023, this property benefits from available parking.... ** Property Reference: 1709119 **",,SE11,"OpenRent, London",rightmove,https://www.rightmove.co.uk/properties/134912696#/?channel=RES_LET,2023-05-19 00:00:00,"rent2.01.0nan3250.0Kennington, London, SE11"
rent,"Laura Terrace Brownswood Road, Finsbury Park, London N4",2.0,,2.0,,,,"Bryan Estates are pleased to offer a luxury modern two bedroom, two bathroom flat recently refurbished to an exceptional standard with outside ...",,N4,Bryan Estates,zoopla,https://www.zoopla.co.uk/to-rent/details/13650022/?search_identifier=e29133bd9e33b6e9fd2e1ebde51741c0b3e350a8f4b13ddf07b33e77b503a8b7,2023-05-19 00:00:00,"rent2.02.0nan2448.0Laura Terrace Brownswood Road, Finsbury Park, London N4"
rent,"Old Oak Common Lane, East Acton, London W3",1.0,,,,,,"Savoy Property Consultants are delighted to present to the lettings market this spacious double room in a friendly, professional house share ...",,W3,Savoy Property Consultants,zoopla,https://www.zoopla.co.uk/to-rent/details/54451204/?search_identifier=e29133bd9e33b6e9fd2e1ebde51741c0b3e350a8f4b13ddf07b33e77b503a8b7,2023-05-19 00:00:00,"rent1.0nannan750.0Old Oak Common Lane, East Acton, London W3"
rent,"Young Street, London, W8",1.0,,1.0,,,,"The apartment block benefits from two private outside areas. Set on the 4th floor and offering 678 sq ft, the apartment has been individually designed to the highest specification allowing for space, light and style. This prime location is also within easy walking distance ...",,W8,"'s International Realty, London",rightmove,https://www.rightmove.co.uk/properties/135043988#/?channel=RES_LET,2023-05-19 00:00:00,"rent1.01.0nan2000.0Young Street, London, W8"
sales,"Sky View Tower, 12 High Street, London E15",1.0,1.0,1.0,350000.0,,,"Guide Price £350,000-£375,000 Situated on the 8th floor of the popular EWS1 compliant Sky View Tower development is this modern one bedroom one ...",,E15,LiFE Residential - Royal Wharf,zoopla,https://www.zoopla.co.uk/for-sale/details/58812131/?search_identifier=e2f52ecac4296f7263ce1d9f3bd364400246cf2a24ee664b466896f27c160137,2023-05-19 00:00:00,"sales1.01.0350000.0nanSky View Tower, 12 High Street, London E15"
rent,"Young Street, Kensington, London, W8",2.0,,2.0,,,,"The apartment comprises a fully fitted kitchen, large bright reception room, modern fully fitted kitchen, a master bedroom with an en suite bathroom, second bedroom with an en-suite bathroom and guest cloakroom. The building has its own porter and has a lift service available for the upper floors...",,W8,"'s International Realty, London",rightmove,https://www.rightmove.co.uk/properties/135043985#/?channel=RES_LET,2023-05-19 00:00:00,"rent2.02.0nan1300.0Young Street, Kensington, London, W8"
sales,"Burmester Road, Earlsfield",2.0,,2.0,800000.0,,,2 bedroom flat for sale,,Earlsfield,Kinleigh Folkard & Hayward - Earlsfield Sales,omt,https://www.onthemarket.com/details/13229489/,2023-05-19,"sales2.02.0800000.05500.0Burmester Road, Earlsfield"
sales,"Baldry Gardens, Streatham",6.0,,1.0,1250000.0,,,6 bedroom semi-detached house for sale,,Streatham,NaN,omt,https://www.onthemarket.com/details/13228683/,2023-05-19,"sales6.01.01250000.0nanBaldry Gardens, Streatham"
sales,"Primrose Hill Court, Kind Henrys Road, Primrose Hill, London NW3",2.0,1.0,1.0,600000.0,,,A substantial top floor two bedroom flat of almost 700sqft in Primrose Hill Court just off King Henrys Road in central Primrose Village ...,,NW3,John D Wood & Co. - Primrose Hill Sales,zoopla,https://www.zoopla.co.uk/for-sale/details/59925332/?search_identifier=e2f52ecac4296f7263ce1d9f3bd364400246cf2a24ee664b466896f27c160137,2023-05-19 00:00:00,"sales2.01.0600000.0nanPrimrose Hill Court, Kind Henrys Road, Primrose Hill, London NW3"
sales,"Brick Street, Mayfair, London, W1J",7.0,,5.0,35000000.0,,,A majestic and luxurious Grade II listed building in the heart of Mayfair.,,W1J,"Savills, Mayfair",rightmove,https://www.rightmove.co.uk/properties/131927141#/?channel=RES_BUY,2023-02-22 00:00:00,"sales7.05.035000000.0nanBrick Street, Mayfair, London, W1J"
sales,"Culross Street, Mayfair",6.0,,6.0,26950000.0,,,"A newly constructed, wide, low-build freehold house with 6 bedrooms, garden, lift and swimming pool located just off Park lane.",,Mayfair,"Rokstone, London",rightmove,https://www.rightmove.co.uk/properties/131730257#/?channel=RES_BUY,2023-02-15 00:00:00,"sales6.06.026950000.0nanCulross Street, Mayfair"
rent,"Rainham Road South, Dagenham RM10",2.0,,1.0,,,,"This spacious 2 double bedroom 2nd floor flat is available from June and comes with separate modern fitted kitchen, modern bathroom, spacious ...",,RM10,Stoneshaw Estates,zoopla,https://www.zoopla.co.uk/to-rent/details/54467836/?search_identifier=e29133bd9e33b6e9fd2e1ebde51741c0b3e350a8f4b13ddf07b33e77b503a8b7,2023-05-19 00:00:00,"rent2.01.0nan1300.0Rainham Road South, Dagenham RM10"
sales,"Thornbury Road, Brixton",1.0,,1.0,375000.0,,,1 bedroom flat for sale,,Brixton,NaN,omt,https://www.onthemarket.com/details/13228193/,2023-05-19,"sales1.01.0375000.0nanThornbury Road, Brixton"
sales,"Culross Street, Mayfair, London, W1K",6.0,,6.0,26950000.0,,,"An outstanding 6 bedroom freehold house by K10 Group, with swimming pool and entertainment room, for sale in Mayfair W1K. A newly constructed Mayfair house, a project by K10 Group, of 8,060 sq ft, is situated in an enviable location just off Park Lane. Finished to a high specification, with luxu...",,W1K,"Knight Frank, Mayfair",rightmove,https://www.rightmove.co.uk/properties/85469181#/?channel=RES_BUY,2022-11-10 00:00:00,"sales6.06.026950000.0nanCulross Street, Mayfair, London, W1K"
rent,"Sevington Road, London NW4",5.0,,2.0,,,,5 bedroom semi-detached house to rent,,NW4,NaN,omt,https://www.onthemarket.com/details/13214440/,< 7 days,"rent5.02.0nan1950.0Sevington Road, London NW4"
sales,"Brick Street, Mayfair W1J",7.0,,7.0,35000000.0,,,"A truly exeptional low- built 7 bedroom mansion, with private gated drive-in courtyard tucked away in the heart of Mayfair. Offering over 12,960 sq ft of unique lateral luxury living.",,W1J,"Rokstone, London",rightmove,https://www.rightmove.co.uk/properties/131929205#/?channel=RES_BUY,2023-02-22 00:00:00,"sales7.07.035000000.0nanBrick Street, Mayfair W1J"
rent,"Essex Road, Islington, N1",3.0,,1.0,,,,"This superbly located three double bedroom split level apartment is moments from Angel underground station and the fantastic selection of shops, bars and restaurants along Upper Street. It is light and airy and has an open plan reception room, modern kitchen and wood floors. Ideally sui...",,N1,"Charles Henry Peppiatt Ltd, Southgate",rightmove,https://www.rightmove.co.uk/properties/135045269#/?channel=RES_LET,2023-05-19 00:00:00,"rent3.01.0nan2496.0Essex Road, Islington, N1"
rent,"Ashley Road, London N17",1.0,,1.0,,,,1 bedroom flat to rent,,N17,NaN,omt,https://www.onthemarket.com/details/13231698/,2023-05-19,"rent1.01.0nan2050.0Ashley Road, London N17"
rent,"Hoxton Street, London N1",2.0,,1.0,,,,"The Flat is situated on Hoxton Street, which is known for it's wide variety of shops, market, restaurants, bars, and entertainment options. The ...",,N1,MK London Properties,zoopla,https://www.zoopla.co.uk/to-rent/details/64672915/?search_identifier=e29133bd9e33b6e9fd2e1ebde51741c0b3e350a8f4b13ddf07b33e77b503a8b7,2023-05-19 00:00:00,"rent2.01.0nan2496.0Hoxton Street, London N1"
rent,"Rossetti Road, London SE16",2.0,,1.0,,,,"A fantastic 2 bedroom property located in a private development in south Bermondsey close to shops, rail and local tube stations. This property ...",,SE16,JS Estate Management,zoopla,https://www.zoopla.co.uk/to-rent/details/64672896/?search_identifier=e29133bd9e33b6e9fd2e1ebde51741c0b3e350a8f4b13ddf07b33e77b503a8b7,2023-05-19 00:00:00,"rent2.01.0nan1911.0Rossetti Road, London SE16"
rent,"Camberwell New Road, London, SE5",2.0,,1.0,,,,"A well presented two double bedroom split level Victorian conversion flat with a private rear garden, stunning kitchen and four piece bathroom suite, close to Camberwell Green.- 13 foot reception... ** Property Reference: 1678722 **",,SE5,"OpenRent, London",rightmove,https://www.rightmove.co.uk/properties/134771735#/?channel=RES_LET,2023-05-19 00:00:00,"rent2.01.0nan1437.0Camberwell New Road, London, SE5"
rent,"Lombard Wharf, London SW11",3.0,,2.0,,,,3 bedroom flat to rent,,SW11,NaN,omt,https://www.onthemarket.com/details/13231722/,2023-05-19,"rent3.02.0nan1300.0Lombard Wharf, London SW11"
rent,"Stanhope Avenue, Harrow HA3",3.0,1.0,1.0,,,,"A well presented unfournished 3 bedroom house to let in a quiet residential street within walking distance to the High Road amenities, Homebase, ...",,HA3,Charringtons,zoopla,https://www.zoopla.co.uk/to-rent/details/64672881/?search_identifier=e29133bd9e33b6e9fd2e1ebde51741c0b3e350a8f4b13ddf07b33e77b503a8b7,2023-05-19 00:00:00,"rent3.01.0nan2100.0Stanhope Avenue, Harrow HA3"
sales,"Ferndale Road, Clapham",2.0,,1.0,675000.0,,,2 bedroom flat for sale,,Clapham,NaN,omt,https://www.onthemarket.com/details/13228831/,2023-05-19,"sales2.01.0675000.0nanFerndale Road, Clapham"
sales,"Kellett Road, London SW2",5.0,2.0,3.0,950000.0,,,**Estate sale - development opportunity STPP.**,,SW2,Winkworth - Herne Hill,zoopla,https://www.zoopla.co.uk/for-sale/details/64672593/?search_identifier=e2f52ecac4296f7263ce1d9f3bd364400246cf2a24ee664b466896f27c160137,2023-05-19 00:00:00,"sales5.03.0950000.0nanKellett Road, London SW2"
sales,"Hilldown Road, London SW16",4.0,3.0,1.0,1050000.0,,,"Nestling to the south of Streatham Common next to a protected conservation area of attractive Edwardian and Victorian houses, surrounded by ...",,SW16,Winkworth - Streatham,zoopla,https://www.zoopla.co.uk/for-sale/details/64672626/?search_identifier=e2f52ecac4296f7263ce1d9f3bd364400246cf2a24ee664b466896f27c160137,2023-05-19 00:00:00,"sales4.01.01050000.0nanHilldown Road, London SW16"
sales,"Chapel Street, Belgravia SW1X",6.0,,5.0,28000000.0,,,"A magnificent, exceptionally well presented six bedroom freehold town house situated in the heart of Belgravia, moments away from Knightsbridge.",,SW1X,"Rokstone, London",rightmove,https://www.rightmove.co.uk/properties/126734519#/?channel=RES_BUY,2019-10-25 00:00:00,"sales6.05.028000000.0nanChapel Street, Belgravia SW1X"
sales,"Rosedale Road, Romford",4.0,,2.0,600000.0,,,4 bedroom semi-detached house for sale,,Romford,NaN,omt,https://www.onthemarket.com/details/13227923/,2023-05-19,"sales4.02.0600000.0nanRosedale Road, Romford"
sales,"Lygon Place, Belgravia, SW1W",7.0,,9.0,45000000.0,,,"Ref. LOB0798 - Set behind a gated Belgravia driveway, Lygon Place is a magnificent Grade II listed 13,935 sq.ft mansion, with connecting mews house, was designed by David Collins Studio. With bespoke interiors, the seven bedroom mansion is the largest house on Lygon Place, and comprises four g...",,SW1W,"Beauchamp Estates Ltd, Mayfair - Resale",rightmove,https://www.rightmove.co.uk/properties/129302918#/?channel=RES_BUY,2022-11-21 00:00:00,"sales7.09.045000000.0nanLygon Place, Belgravia, SW1W"
sales,"Derwent Gardens, Redbridge IG4",3.0,1.0,1.0,580000.0,,,Sandra Davidson Estate Agents are pleased to present this charming three-bedroom home situated in a delightful neighbourhood in the heart of ...,,IG4,Sandra Davidson,zoopla,https://www.zoopla.co.uk/for-sale/details/64672341/?search_identifier=e2f52ecac4296f7263ce1d9f3bd364400246cf2a24ee664b466896f27c160137,2023-05-19 00:00:00,"sales3.01.0580000.0nanDerwent Gardens, Redbridge IG4"
sales,"Mayplace Road East, Bexleyheath, Kent DA7",3.0,,1.0,450000.0,,,"Maceys Estates Ltd are pleased to offer this 3 bed semi detached house, in a popular location close to local shops, Bexleyheath Town Centre, ...",,DA7,Maceys Estates Ltd,zoopla,https://www.zoopla.co.uk/for-sale/details/64672877/?search_identifier=e2f52ecac4296f7263ce1d9f3bd364400246cf2a24ee664b466896f27c160137,2023-05-19 00:00:00,"sales3.01.0450000.0nanMayplace Road East, Bexleyheath, Kent DA7"
sales,"Fulham Road, London, SW6",,,1.0,325000.0,,,Studio for sale,,SW6,NaN,omt,https://www.onthemarket.com/details/13221569/,2023-05-18,"salesnan1.0325000.0nanFulham Road, London, SW6"
sales,"Old Kent Road, London",2.0,,1.0,500000.0,,,2 bedroom flat for sale,,London,NaN,omt,https://www.onthemarket.com/details/13228188/,2023-05-19,"sales2.01.0500000.0nanOld Kent Road, London"
rent,"Eton College Road, Chalk Farm, NW3",1.0,,1.0,,,,"This wonderful one bedroom first floor floor apartment is in situated in the iconic period mansion block of Eton Rise and which is superbly located just moments from Chalk Farm underground station. This extremely spacious, newly refurbished apartment has a large, light and airy receptio...",,NW3,"Charles Henry Peppiatt Ltd, Southgate",rightmove,https://www.rightmove.co.uk/properties/134556986#/?channel=RES_LET,2023-05-19 00:00:00,"rent1.01.0nan2448.0Eton College Road, Chalk Farm, NW3"
rent,"Crossford Street, London, SW9",2.0,,2.0,,,,2 bedroom apartment to rent,,SW9,NaN,omt,https://www.onthemarket.com/details/13231781/,2023-05-19,"rent2.02.0nan2448.0Crossford Street, London, SW9"
sales,"Pitt Street, London, W8",7.0,,5.0,44000000.0,,,"A rare opportunity to own this unique, contemporary mansion in Kensington.",,W8,"Savills, Kensington",rightmove,https://www.rightmove.co.uk/properties/131846453#/?channel=RES_BUY,2023-02-20 00:00:00,"sales7.05.044000000.0nanPitt Street, London, W8"
sales,"Lowry Crescent, Mitcham CR4",1.0,1.0,1.0,250000.0,,,One double bedroom first floor flat with parking and loft storage located centrally for the amenities and transport links of Mitcham town.,,CR4,Barnard Marcus - Mitcham,zoopla,https://www.zoopla.co.uk/for-sale/details/64672456/?search_identifier=e2f52ecac4296f7263ce1d9f3bd364400246cf2a24ee664b466896f27c160137,2023-05-19 00:00:00,"sales1.01.0250000.0nanLowry Crescent, Mitcham CR4"
sales,"Briar Walk, London SW15",8.0,5.0,4.0,4600000.0,,,A magnificent detached eight bedroom period home in this enviable and highly sought after West Putney location. The property is well-presented ...,,SW15,Winkworth - Putney,zoopla,https://www.zoopla.co.uk/for-sale/details/64672613/?search_identifier=e2f52ecac4296f7263ce1d9f3bd364400246cf2a24ee664b466896f27c160137,2023-05-19 00:00:00,"sales8.04.04600000.0nanBriar Walk, London SW15"
rent,"Augustus Road, London SW19",,,,,,,Luxurious and stylishly studio apartments within a private gated delopment teaming with resident amenity spaces: Â€¢ A spectacular residents' ...,,SW19,John D Wood & Co. - Southfields Lettings,zoopla,https://www.zoopla.co.uk/to-rent/details/64672832/?search_identifier=e29133bd9e33b6e9fd2e1ebde51741c0b3e350a8f4b13ddf07b33e77b503a8b7,2023-05-19 00:00:00,"rentnannannan1733.0Augustus Road, London SW19"
sales,"Firs Lane, London N13",3.0,2.0,1.0,650000.0,,,A charming end-of-terrace house with potential for a side extension (subject to planning consent) situated on a popular residential road within ...,,N13,Winkworth - Palmers Green,zoopla,https://www.zoopla.co.uk/for-sale/details/64672610/?search_identifier=e2f52ecac4296f7263ce1d9f3bd364400246cf2a24ee664b466896f27c160137,2023-05-19 00:00:00,"sales3.01.0650000.0nanFirs Lane, London N13"
sales,"Upper Richmond Road, Putney",1.0,,1.0,585000.0,,,1 bedroom flat for sale,,Putney,NaN,omt,https://www.onthemarket.com/details/13228043/,2023-05-19,"sales1.01.0585000.0nanUpper Richmond Road, Putney"
sales,"Nevern Place, London SW5",,,1.0,450000.0,,,Studio for sale,,SW5,NaN,omt,https://www.onthemarket.com/details/13228128/,2023-05-19,"salesnan1.0450000.0nanNevern Place, London SW5"
rent,"Christchurch Avenue, North Finchley, N12",3.0,,1.0,,,,"This wonderful three double bedroom semi-detached family home is enviably located on a sought-after road, ideally located for highly regarded Ofted standard schools, North Finchley shopping facilities and West Finchley and Woodside Park underground stations. The property has undergone ma...",,N12,"Charles Henry Peppiatt Ltd, Southgate",rightmove,https://www.rightmove.co.uk/properties/134677262#/?channel=RES_LET,2023-05-19 00:00:00,"rent3.01.0nan1800.0Christchurch Avenue, North Finchley, N12"
rent,"Ashley Road, London N17",2.0,,1.0,,,,2 bedroom flat to rent,,N17,NaN,omt,https://www.onthemarket.com/details/13231699/,2023-05-19,"rent2.01.0nan3250.0Ashley Road, London N17"
rent,"Thomas Tower, Dalston Square, London E8",1.0,,1.0,,,,A modern apartment in the sought after Dalston Square development located just a minute from Dalston Junction station. The property offers a ...,,E8,Domeview Properties,zoopla,https://www.zoopla.co.uk/to-rent/details/29964227/?search_identifier=e29133bd9e33b6e9fd2e1ebde51741c0b3e350a8f4b13ddf07b33e77b503a8b7,2023-05-19 00:00:00,"rent1.01.0nan1800.0Thomas Tower, Dalston Square, London E8"
sales,"The Broadway, Ealing, W13",,,1.0,320000.0,,,Studio for sale,,W13,Rolfe East - Northfields,omt,https://www.onthemarket.com/details/12212830/,> 14 days,"salesnan1.0320000.01733.0The Broadway, Ealing, W13"
rent,"Knaresborough Place, London SW5",,1.0,1.0,,,,"Located on the second floor (with lift), this delightful studio apartment is neutrally presented and boasts a wealth of natural light as well as ...",,SW5,Farrar & Co,zoopla,https://www.zoopla.co.uk/to-rent/details/48570971/?search_identifier=e29133bd9e33b6e9fd2e1ebde51741c0b3e350a8f4b13ddf07b33e77b503a8b7,2023-05-19 00:00:00,"rentnan1.0nan1842.0Knaresborough Place, London SW5"
sales,"Regency Street, Westminster, London SW1P",2.0,,2.0,875000.0,,,"A bright and spacious two double bedroom, two bathroom (one en-suite) apartment in a portered building. Measuring over 900 sq ft, the flat ...",,SW1P,Bensons Ltd,zoopla,https://www.zoopla.co.uk/for-sale/details/64672870/?search_identifier=e2f52ecac4296f7263ce1d9f3bd364400246cf2a24ee664b466896f27c160137,2023-05-19 00:00:00,"sales2.02.0875000.0nanRegency Street, Westminster, London SW1P"
rent,"Gloucester Terrace, London, W2",3.0,,2.0,,,,3 bedroom duplex to rent,,W2,Savills - Notting Hill,omt,https://www.onthemarket.com/details/12548982/,> 14 days,"rent3.02.0nan2300.0Gloucester Terrace, London, W2"
sales,"Streatham Common North, Streatham",2.0,,1.0,450000.0,,,2 bedroom flat for sale,,Streatham,NaN,omt,https://www.onthemarket.com/details/13227873/,2023-05-19,"sales2.01.0450000.0nanStreatham Common North, Streatham"
rent,"Buckland Crescent, London NW3",1.0,,1.0,,,,1 bedroom flat to rent,,NW3,NaN,omt,https://www.onthemarket.com/details/13231802/,2023-05-19,"rent1.01.0nan2500.0Buckland Crescent, London NW3"
sales,"Curzon Street, London, W1J",1.0,,1.0,27800000.0,,,Incredible investment opportunity to acquire four state of the art apartments in the heart of Mayfair,,W1J,"DDRE.global, London",rightmove,https://www.rightmove.co.uk/properties/131770103#/?channel=RES_BUY,2023-02-17 00:00:00,"sales1.01.027800000.0nanCurzon Street, London, W1J"
rent,"North Gate, Prince Albert Road, St John's Wood, London, NW8",3.0,,2.0,,,,"A unique interior designed 3 bedroom (approx. 1,474 sq.ft./136.9 sq.m.) on the 3rd floor of this prestige portered block located directly opposite Regent's Park. The flat is of spacious proportions and enjoys high ceilings and excellent views. North Gate is a highly sought after red brick E...",,NW8,"Behr and Butchoff, St John's Wood",rightmove,https://www.rightmove.co.uk/properties/132301082#/?channel=RES_LET,2023-05-19 00:00:00,"rent3.02.0nan1466.0North Gate, Prince Albert Road, St John's Wood, London, NW8"
sales,"One Hyde Park, Knightsbridge",5.0,,5.0,60000000.0,,,"An exceptional exclusive five bedroom apartment for sale in this much sought after development in Knightsbridge. The entire floor is approximately 9,000 sq. ft. and designed to the highest specifications with stunning views over Knightsbridge and Hyde park.",,Knightsbridge,"The Cloister, London",rightmove,https://www.rightmove.co.uk/properties/130177625#/?channel=RES_BUY,2022-12-22 00:00:00,"sales5.05.060000000.0nanOne Hyde Park, Knightsbridge"
sales,"Westmoreland Road, Bromley",3.0,,1.0,425000.0,,,3 bedroom flat for sale,,Bromley,NaN,omt,https://www.onthemarket.com/details/13229069/,2023-05-19,"sales3.01.0425000.0nanWestmoreland Road, Bromley"
sales,"Princes Gate, Kensington, London, SW7",7.0,,5.0,30000000.0,,,"An elegant fronted house providing over 9,000 sq.ft. of stylish and luxurious rooms. This property is in immaculate and pristine condition, offering spacious rooms over its seven floors, with the benefit of a lift serving all the main floors. Currently, the lower ground floor consists of a recept...",,SW7,"Parkes Estate Agents, Kensington",rightmove,https://www.rightmove.co.uk/properties/134155481#/?channel=RES_BUY,2022-10-17 00:00:00,"sales7.05.030000000.0nanPrinces Gate, Kensington, London, SW7"
sales,"Belgravia Gate, Grosvenor Crescent, Belgravia, London, SW1X",6.0,,7.0,43700000.0,,,"Belgravia Gate benefits from a truly world-class location and is one of the most desirable addresses in Europe. A 2nd-floor lateral apartment providing grand entertaining space and 6-bedrooms. Located on the second floor of Belgravia Gate on Grosvenor Crescent the apartment forms part of five, G...",,SW1X,"Knight Frank - New Homes, Prime Central London Developments",rightmove,https://www.rightmove.co.uk/properties/134329280#/?channel=RES_BUY,2023-02-05 00:00:00,"sales6.07.043700000.0nanBelgravia Gate, Grosvenor Crescent, Belgravia, London, SW1X"
rent,"Ascham End, London, E17",2.0,,1.0,,,,"Modernised trendy apartment for 1-2 occupants This trendy apartment is is over 530 ft2 (50 m2) and has access to a garden, private parking and wifi. 1-2 occupants can apply for it, not more and i... ** Property Reference: 1689405 **",,E17,"OpenRent, London",rightmove,https://www.rightmove.co.uk/properties/134098310#/?channel=RES_LET,2023-05-19 00:00:00,"rent2.01.0nan1842.0Ascham End, London, E17"
rent,"Weirdale Avenue, London N20",3.0,1.0,1.0,,,,Andrew Lloyd Estates are pleased to offer this newly refurbished spacious 3 Bedroom House. The property is ideally located moments away from New ...,,N20,Andrew Lloyd Estates Ltd,zoopla,https://www.zoopla.co.uk/to-rent/details/64672845/?search_identifier=e29133bd9e33b6e9fd2e1ebde51741c0b3e350a8f4b13ddf07b33e77b503a8b7,2023-05-19 00:00:00,"rent3.01.0nan2050.0Weirdale Avenue, London N20"
sales,"One Hyde Park, Knightsbridge",3.0,,3.0,30000000.0,,,"The Cloister are pleased to present this stunning three bedroom apartment located in Knightsbridge, One Hyde Park, a prestigious and much sought-after location.",,Knightsbridge,"The Cloister, London",rightmove,https://www.rightmove.co.uk/properties/134381060#/?channel=RES_BUY,2022-12-22 00:00:00,"sales3.03.030000000.0nanOne Hyde Park, Knightsbridge"
sales,"Warwick Square, London SW1V",2.0,1.0,2.0,1200000.0,,,A wonderfully light two bedroom apartment with far reaching views is presented to the market in Pimlico SW1.,,SW1V,Jackson-Stops - Pimlico,zoopla,https://www.zoopla.co.uk/for-sale/details/64672528/?search_identifier=e2f52ecac4296f7263ce1d9f3bd364400246cf2a24ee664b466896f27c160137,2023-05-19 00:00:00,"sales2.02.01200000.0nanWarwick Square, London SW1V"
sales,"Fox Hill, Crystal Palace",2.0,,1.0,550000.0,,,2 bedroom flat for sale,,Palace,NaN,omt,https://www.onthemarket.com/details/13228378/,2023-05-19,"sales2.01.0550000.0nanFox Hill, Crystal Palace"
